,emoji,demoji,VaderEmojiScore,emosentScore
0,ğŸš¨,:police_car_light:,0.0,0.673
1,ğŸ™,:folded_hands:,0.0,0.418
2,ğŸ¤·,:person_shrugging:,0.0,
3,ğŸ™„,:face_with_rolling_eyes:,0.0,
4,ğŸ˜‚,:face_with_tears_of_joy:,0.4404,0.221
5,ğŸ’©,:pile_of_poo:,0.0,-0.118
6,ğŸ¤£,:rolling_on_the_floor_laughing:,0.4939,
7,ğŸ¤¦â€â™€ï¸,:woman_facepalming:,0.0,
8,ğŸ˜”,:pensive_face:,0.0772,-0.146
9,ğŸ“…,:calendar:,0.0,0.222
10,â¡,:right_arrow:,0.0,0.149
11,ğŸ’ª,:flexed_biceps:,0.0,0.556
12,ğŸ‘Š,:oncoming_fist:,0.0,0.229
13,ğŸ˜,:beaming_face_with_smiling_eyes:,0.4588,0.45
14,â¤ï¸,:red_heart:,0.0,
15,ğŸ¤”,:thinking_face:,0.0,
16,ğŸ“¢,:loudspeaker:,0.0,0.5
17,ğŸ™ï¸,:studio_microphone:,0.0,
18,ğŸ†•,:NEW_button:,0.0,0.0
19,ğŸ¤¬,:face_with_symbols_on_mouth:,0.0,
20,ğŸ›«,:airplane_departure:,0.0,
21,ğŸ‘¿,:angry_face_with_horns:,-0.5106,-0.557
22,ğŸ™ğŸ»,:folded_hands_light_skin_tone:,0.0,
23,ğŸ‘†,:backhand_index_pointing_up:,0.0,0.333
24,ğŸ“¡,:satellite_antenna:,0.0,0.333
25,âœï¸,:pencil:,0.0,
26,ğŸ¤¦,:person_facepalming:,0.0,
27,ğŸ‘‡,:backhand_index_pointing_down:,0.0,0.255
28,ğŸ–•,:middle_finger:,0.0,
29,â¡ï¸,:right_arrow:,0.0,
30,â¬‡,:down_arrow:,0.0,0.467
31,ğŸ’€,:skull:,0.0,-0.208
32,â¤µï¸,:right_arrow_curving_down:,0.0,
33,ğŸ˜³,:flushed_face:,0.0,0.018
34,â™»ï¸,:recycling_symbol:,0.0,
35,ğŸ˜¡,:pouting_face:,0.0,-0.173
36,ğŸ‘ğŸ¾,:thumbs_up_medium-dark_skin_tone:,0.0,
37,ğŸ‘‰,:backhand_index_pointing_right:,0.0,0.394
38,ğŸ¦—,:cricket:,0.0,
39,ğŸ˜•,:confused_face:,-0.3182,-0.4
40,ğŸ“°,:newspaper:,0.0,0.4
41,ğŸ“Š,:bar_chart:,0.0,
42,ğŸ’”,:broken_heart:,0.2732,-0.122
43,ğŸ˜­,:loudly_crying_face:,-0.4767,-0.093
44,ğŸ˜¶,:face_without_mouth:,0.0,-0.145
45,ğŸ¤©,:star-struck:,0.0,
46,ğŸ˜Š,:smiling_face_with_smiling_eyes:,0.7184,0.645
47,â¬‡ï¸,:down_arrow:,0.0,
48,ğŸ§µ,:thread:,0.0,
49,ğŸ§‘â€âš–ï¸,:judge:,0.0,
50,â™¥ï¸,:heart_suit:,0.6369,
51,ğŸ¤·â€â™‚ï¸,:man_shrugging:,0.0,
52,ğŸ™Œ,:raising_hands:,0.0,0.56
53,â€¼ï¸,:double_exclamation_mark:,0.0,
54,ğŸ”œ,:SOON_arrow:,0.0,0.3
55,âš½,:soccer_ball:,0.0,0.622
56,ğŸ…,:sports_medal:,0.4767,
57,ğŸ¤·â€â™€ï¸,:woman_shrugging:,0.0,
58,ğŸ¤¡,:clown_face:,0.0,
59,ğŸŒ,:globe_showing_Asia-Australia:,0.0,0.36
60,ğŸ˜¥,:sad_but_relieved_face:,0.3291,0.123
61,ğŸŒ,:globe_showing_Europe-Africa:,0.0,0.618
62,ğŸ˜…,:grinning_face_with_sweat:,0.3612,0.18
63,ğŸ˜¢,:crying_face:,-0.4767,0.007
64,ğŸ‘©ğŸ½,:woman_medium_skin_tone:,0.0,
65,ğŸŒ,:globe_showing_Americas:,0.0,0.341
66,ğŸ“©,:envelope_with_arrow:,0.0,
67,ğŸ’µ,:dollar_banknote:,0.0,0.423
68,ğŸ™‚,:slightly_smiling_face:,0.4033,
69,ğŸ´ó §ó ¢ó ¥ó ®ó §ó ¿,:England:,0.0,
70,ğŸ“»,:radio:,0.0,0.4
71,ğŸ¥´,:woozy_face:,0.0,
72,ğŸ¤¨,:face_with_raised_eyebrow:,0.0,
73,ğŸ“·,:camera:,0.0,0.447
74,ğŸ‘,:clapping_hands:,0.0,0.521
75,ğŸ¥²,:smiling_face_with_tear:,0.0,
76,ğŸ¥°,:smiling_face_with_hearts:,0.8074,
77,ğŸ¤¦ğŸ¼â€â™€ï¸,:woman_facepalming_medium-light_skin_tone:,0.0,
78,ğŸ¤®,:face_vomiting:,0.0,
79,ğŸ‘,:thumbs_up:,0.0,0.522
80,ğŸ’­,:thought_balloon:,0.0,0.217
81,ğŸ§,:headphone:,0.0,0.423
82,ğŸ¤·ğŸ¿â€â™‚ï¸,:man_shrugging_dark_skin_tone:,0.0,
83,ğŸ‘ğŸ»,:clapping_hands_light_skin_tone:,0.0,
84,ğŸ˜«,:tired_face:,-0.4404,-0.146
85,ğŸ“†,:tear-off_calendar:,0.0,1.0
86,ğŸ˜°,:anxious_face_with_sweat:,-0.25,-0.02
87,ğŸ’œ,:purple_heart:,0.6369,0.656
88,ğŸ‚,:fallen_leaf:,-0.3612,0.556
89,ğŸ,:maple_leaf:,0.0,0.491
90,ğŸ˜ª,:sleepy_face:,0.0,-0.081
91,ğŸ“Œ,:pushpin:,0.0,-0.571
92,ğŸ™‹â€â™€ï¸,:woman_raising_hand:,0.0,
93,ğŸ’°,:money_bag:,0.0,0.256
94,âš ï¸,:warning:,0.0,
95,ğŸ—£ï¸,:speaking_head:,0.0,
96,â˜®ï¸,:peace_symbol:,0.5423,
97,ğŸ”µ,:blue_circle:,0.0,0.333
98,â“,:red_question_mark:,0.0,0.073
99,âš°ï¸,:coffin:,0.0,
100,âš–ï¸,:balance_scale:,0.0,
101,ğŸ”,:magnifying_glass_tilted_right:,0.0,0.75
102,ğŸ˜‰,:winking_face:,0.0,0.464
103,ğŸ—“ï¸,:spiral_calendar:,0.0,
104,ğŸ˜¹,:cat_with_tears_of_joy:,0.4404,0.142
105,ğŸ˜†,:grinning_squinting_face:,0.3612,0.412
106,ğŸ¤·ğŸ»â€â™€ï¸,:woman_shrugging_light_skin_tone:,0.0,
107,ğŸ‘‹,:waving_hand:,0.4939,0.416
108,ğŸ•¯ï¸,:candle:,0.0,
109,ğŸ¤·ğŸ¾â€â™€ï¸,:woman_shrugging_medium-dark_skin_tone:,0.0,
110,ğŸ•ï¸,:camping:,0.0,
111,ğŸ‘‡ğŸ»,:backhand_index_pointing_down_light_skin_tone:,0.0,
112,ğŸ›‘,:stop_sign:,-0.296,
113,ğŸ“,:telephone_receiver:,0.0,0.571
114,ğŸ‘‰ğŸ½,:backhand_index_pointing_right_medium_skin_tone:,0.0,
115,ğŸ“,:paperclip:,0.0,1.0
116,ğŸ”´,:red_circle:,0.0,0.422
117,ğŸ•,:dog:,0.0,0.3
118,ğŸ™ğŸ¼,:folded_hands_medium-light_skin_tone:,0.0,
119,â£,:heart_exclamation:,0.6369,1.0
120,ğŸ˜,:smiling_face_with_heart-eyes:,0.4588,0.678
121,ğŸ™ƒ,:upside-down_face:,0.0,
122,ğŸ´ó §ó ¢ó ·ó ¬ó ³ó ¿,:Wales:,0.0,
123,ğŸ“š,:books:,0.0,0.345
124,ğŸ“–,:open_book:,0.0,0.176
125,ğŸ‘‡ğŸ¼,:backhand_index_pointing_down_medium-light_skin_tone:,0.0,
126,â–¶ï¸,:play_button:,0.34,
127,ğŸ’™,:blue_heart:,0.6369,0.732
128,ğŸ›¡ï¸,:shield:,0.0,
129,ğŸ,:snake:,0.0,0.382
130,ğŸ–ğŸ¿,:hand_with_fingers_splayed_dark_skin_tone:,0.4939,
131,ğŸ§¸,:teddy_bear:,0.0,
132,ğŸª,:kite:,0.0,
133,ğŸª€,:yo-yo:,0.0,
134,ğŸ’›,:yellow_heart:,0.6369,0.713
135,ğŸ˜’,:unamused_face:,0.0,-0.375
136,ğŸ£,:sushi:,0.0,-0.245
137,ğŸ¤“,:nerd_face:,-0.296,
138,ğŸ‘½,:alien:,0.0,0.322
139,ğŸ™,:slightly_frowning_face:,-0.2748,
140,ğŸ—£,:speaking_head:,0.0,
141,ğŸ˜,:neutral_face:,0.0,-0.393
142,ğŸ’,:bouquet:,0.0,0.758
143,ğŸŠ,:confetti_ball:,0.0,0.727
144,â­,:star:,0.0,0.591
145,ğŸ”½,:downwards_button:,0.0,
146,âœ…,:check_mark_button:,0.0,0.431
147,ğŸ˜ˆ,:smiling_face_with_horns:,0.4588,0.268
148,ğŸŒˆ,:rainbow:,0.0,0.534
149,âš”ï¸,:crossed_swords:,0.0,
150,ğŸ˜‹,:face_savoring_food:,0.0,0.634
151,ğŸ”Š,:speaker_high_volume:,0.0,0.429
152,ğŸ—¨ï¸,:left_speech_bubble:,0.0,
153,ğŸ§,:face_with_monocle:,0.0,
154,ğŸ‘¶,:baby:,0.0,0.448
155,ğŸ¤¦â€â™‚ï¸,:man_facepalming:,0.0,
156,âœˆï¸,:airplane:,0.0,
157,ğŸ™,:studio_microphone:,0.0,
158,ğŸ¥‹,:martial_arts_uniform:,0.0,
159,ğŸ’¡,:light_bulb:,0.0,0.75
160,ğŸ’¯,:hundred_points:,0.0,0.121
161,ğŸ ,:house:,0.0,0.565
162,Â®,:registered:,0.0,0.285
163,ğŸ˜ ,:angry_face:,-0.5106,-0.302
164,ğŸ”¥,:fire:,-0.34,0.14
165,ğŸ³ï¸â€ğŸŒˆ,:rainbow_flag:,0.0,
166,ğŸ¶,:musical_notes:,0.0,0.539
167,ğŸ¤·ğŸ¾â€â™‚ï¸,:man_shrugging_medium-dark_skin_tone:,0.0,
168,ğŸ—º,:world_map:,0.0,
169,ğŸ§¡,:orange_heart:,0.6369,
170,ğŸ“¨,:incoming_envelope:,0.0,
171,ğŸ˜“,:downcast_face_with_sweat:,-0.4215,-0.081
172,ğŸ¤˜,:sign_of_the_horns:,0.0,
173,ğŸ“£,:megaphone:,0.0,0.5
174,âœï¸,:writing_hand:,0.0,
175,ğŸ˜¨,:fearful_face:,-0.4939,-0.141
176,ğŸ˜Œ,:relieved_face:,0.3818,0.484
177,ğŸ•‹,:kaaba:,0.0,
178,ğŸ•Œ,:mosque:,0.0,
179,ğŸ§•ğŸ¿,:woman_with_headscarf_dark_skin_tone:,0.0,
180,âŒ,:cross_mark:,0.0,0.286
181,ğŸ†˜,:SOS_button:,0.0,0.091
182,â–ªï¸,:black_small_square:,0.0,
183,ğŸ§¨,:firecracker:,0.0,
184,ğŸ¤¥,:lying_face:,-0.5267,
185,ğŸ€,:rat:,0.0,0.182
186,ğŸ¤œ,:right-facing_fist:,0.0,
187,ğŸ‘‹ğŸ½,:waving_hand_medium_skin_tone:,0.4939,
188,ğŸ¥º,:pleading_face:,0.0,
189,ğŸ¤·ğŸ¼â€â™€ï¸,:woman_shrugging_medium-light_skin_tone:,0.0,
190,ğŸ–¤,:black_heart:,0.6369,
191,ğŸ‘‡ğŸ½,:backhand_index_pointing_down_medium_skin_tone:,0.0,
192,ğŸ–‹,:fountain_pen:,0.0,
193,ğŸ¤­,:face_with_hand_over_mouth:,0.4939,
194,ğŸ‘Œ,:OK_hand:,0.7297,0.564
195,ğŸ˜,:smiling_face_with_sunglasses:,0.4588,0.493
196,ğŸ’–,:sparkling_heart:,0.7506,0.713
197,âœŠğŸ½,:raised_fist_medium_skin_tone:,0.0,
198,Â©,:copyright:,0.0,0.118
199,âœŒï¸,:victory_hand:,0.0,
200,â—ï¸,:red_exclamation_mark:,0.0,
201,ğŸš«,:prohibited:,0.0,-0.455
202,ğŸ’‰,:syringe:,0.0,0.375
203,ğŸª–,:military_helmet:,0.0,
204,â˜ ï¸,:skull_and_crossbones:,0.0,
205,ğŸ¤¦ğŸ»â€â™€ï¸,:woman_facepalming_light_skin_tone:,0.0,
206,ğŸ”¸,:small_orange_diamond:,0.34,0.286
207,âœğŸ½,:writing_hand_medium_skin_tone:,0.4939,
208,ğŸ¤¤,:drooling_face:,0.0,
209,ğŸ¤,:zipper-mouth_face:,0.0,
210,ğŸ–•ğŸ½,:middle_finger_medium_skin_tone:,0.0,
211,ğŸ§•,:woman_with_headscarf:,0.0,
212,ğŸ’•,:two_hearts:,0.6486,0.633
213,ğŸ’ƒ,:woman_dancing:,0.0,0.736
214,ğŸ˜,:disappointed_face:,-0.4767,-0.118
215,â¤,:red_heart:,0.6369,0.746
216,ğŸ’“,:beating_heart:,0.296,0.672
217,ğŸ™ğŸ¾,:folded_hands_medium-dark_skin_tone:,0.0,
218,ğŸ™ğŸ½,:folded_hands_medium_skin_tone:,0.0,
219,ğŸ˜™,:kissing_face_with_smiling_eyes:,0.7717,0.791
220,ğŸ˜š,:kissing_face_with_closed_eyes:,0.5719,0.715
221,ğŸ”¹,:small_blue_diamond:,0.34,0.167
222,ğŸ˜€,:grinning_face:,0.3612,0.572
223,ğŸš¶â€â™€ï¸,:woman_walking:,0.0,
224,ğŸ˜,:smirking_face:,0.0,0.332
225,ğŸ˜¯,:hushed_face:,0.0,0.129
226,ğŸ“¸,:camera_with_flash:,0.0,
227,ğŸ””,:bell:,0.0,1.0
228,â˜ºï¸,:smiling_face:,0.4588,
229,â›”,:no_entry:,-0.296,0.508
230,â‰ï¸,:exclamation_question_mark:,0.0,
231,â˜‘ï¸,:check_box_with_check:,0.0,
232,â°,:alarm_clock:,-0.34,0.538
233,ğŸ“º,:television:,0.0,0.405
234,ğŸ“²,:mobile_phone_with_arrow:,0.0,0.256
235,ğŸ‘‰ğŸ»,:backhand_index_pointing_right_light_skin_tone:,0.0,
236,ğŸŸ¢,:green_circle:,0.0,
237,âŒ›ï¸,:hourglass_done:,0.0,
238,â˜ï¸,:telephone:,0.0,
239,â˜˜ï¸,:shamrock:,0.0,
240,ğŸ”±,:trident_emblem:,0.0,0.083
241,ğŸ¤,:handshake:,0.0,
242,ğŸ—“,:spiral_calendar:,0.0,
243,ğŸ“,:round_pushpin:,0.0,0.167
244,ğŸš©,:triangular_flag:,0.0,-0.286
245,ğŸ,:horse:,0.0,0.455
246,ğŸ™‹â€â™‚ï¸,:man_raising_hand:,0.0,
247,ğŸª‘,:chair:,0.0,
248,â–,:minus:,0.0,-1.0
249,ğŸ˜›,:face_with_tongue:,0.0,0.609
250,ğŸ˜œ,:winking_face_with_tongue:,0.0,0.456
251,ğŸ˜˜,:face_blowing_a_kiss:,0.4215,0.702
252,ğŸŒ,:full_moon_face:,0.0,0.206
253,ğŸ“¬,:open_mailbox_with_raised_flag:,0.0,
254,ğŸ“,:memo:,0.0,0.242
255,â†˜ï¸,:down-right_arrow:,0.0,
256,âœŠğŸ¼,:raised_fist_medium-light_skin_tone:,0.0,
257,âœŠğŸ¾,:raised_fist_medium-dark_skin_tone:,0.0,
258,âš½ï¸,:soccer_ball:,0.0,
259,ğŸ”»,:red_triangle_pointed_down:,0.0,1.0
260,ğŸ¤¯,:exploding_head:,0.0,
261,â”,:white_question_mark:,0.0,0.0
262,ğŸ‘,:thumbs_down:,0.0,-0.19
263,ğŸ†,:eggplant:,0.0,0.417
264,ğŸ˜©,:weary_face:,-0.2732,-0.368
265,ğŸ˜ƒ,:grinning_face_with_big_eyes:,0.3612,0.558
266,ğŸ”—,:link:,0.0,
267,ğŸ‘‡ğŸ¾,:backhand_index_pointing_down_medium-dark_skin_tone:,0.0,
268,â˜¹ï¸,:frowning_face:,-0.34,
269,ğŸŸ,:admission_tickets:,0.0,
270,ğŸ’ªğŸ¾,:flexed_biceps_medium-dark_skin_tone:,0.0,
271,ğŸ†,:trophy:,0.0,0.737
272,ğŸ©º,:stethoscope:,0.0,
273,ğŸ“½ï¸,:film_projector:,0.0,
274,ğŸ˜¬,:grimacing_face:,-0.34,0.196
275,ğŸ’¥,:collision:,-0.3612,0.149
276,ğŸ’š,:green_heart:,0.6369,0.659
277,ğŸ„,:mushroom:,0.0,0.0
278,ğŸ¦,:raccoon:,0.0,
279,ğŸ¨,:artist_palette:,0.0,0.2
280,âš“,:anchor:,0.0,0.625
281,ğŸ¾,:paw_prints:,0.0,0.628
282,â¬†ï¸,:up_arrow:,0.0,
283,ğŸ–•ğŸ»,:middle_finger_light_skin_tone:,0.0,
284,âœŠ,:raised_fist:,0.0,0.433
285,ğŸ‘¤,:bust_in_silhouette:,0.0,0.8
286,ğŸ¥,:movie_camera:,0.0,0.303
287,ğŸ,:cricket_game:,0.0,
288,ğŸ¤,:white_heart:,0.0,
289,ğŸ¤·ğŸ»â€â™‚ï¸,:man_shrugging_light_skin_tone:,0.0,
290,â™¦ï¸,:diamond_suit:,0.34,
291,Â©ï¸,:copyright:,0.0,
292,ğŸ‘©â€ğŸ«,:woman_teacher:,0.0,
293,ğŸ¤ª,:zany_face:,0.0,
294,ğŸŒ¸,:cherry_blossom:,0.0,0.652
295,ğŸŒº,:hibiscus:,0.0,0.56
296,ğŸŒ¹,:rose:,0.0,0.61
297,ğŸ«‚,:people_hugging:,0.0,
298,ğŸ“¦,:package:,0.0,0.25
299,ğŸš€,:rocket:,0.0,0.525
300,ğŸ‘€,:eyes:,0.0,0.063
301,ğŸ¤¢,:nauseated_face:,0.0,
302,â£ï¸,:heart_exclamation:,0.6369,
303,ğŸ—,:old_key:,0.0,
304,ğŸ•‰,:om:,0.0,
305,ğŸ¤—,:smiling_face_with_open_hands:,0.4215,
306,ğŸ‘ğŸ»,:thumbs_up_light_skin_tone:,0.0,
307,âš¡,:high_voltage:,0.0,0.179
308,ğŸ¬,:clapper_board:,0.0,0.3
309,ğŸ¥µ,:hot_face:,0.0,
310,ğŸ¯,:bullseye:,0.0,0.667
311,â˜€ï¸,:sun:,0.0,
312,â•,:plus:,0.0,0.581
313,ğŸ–•ğŸ¾,:middle_finger_medium-dark_skin_tone:,0.0,
314,â€¼,:double_exclamation_mark:,0.0,
315,ğŸ˜‘,:expressionless_face:,0.0,-0.314
316,ğŸ‘‰ğŸ¾,:backhand_index_pointing_right_medium-dark_skin_tone:,0.0,
317,ğŸ‰,:party_popper:,0.4019,0.74
318,âœ¨,:sparkles:,0.3182,0.353
319,ğŸœ,:steaming_bowl:,0.0,0.425
320,ğŸ,:spaghetti:,0.0,0.123
321,ğŸ—,:poultry_leg:,0.0,0.069
322,ğŸ˜±,:face_screaming_in_fear:,-0.7003,0.19
323,ğŸ,:chequered_flag:,0.0,0.571
324,ğŸŒ,:globe_with_meridians:,0.0,0.667
325,ğŸ‘©â€ğŸ‘¦â€ğŸ‘¦,:family_woman_boy_boy:,0.0,
326,ğŸ‘Ÿ,:running_shoe:,0.0,0.444
327,âœ‹,:raised_hand:,0.4939,0.127
328,ğŸ‘ï¸,:eye:,0.0,
329,ğŸ¤,:crossed_fingers:,0.0,
330,ğŸ•¸,:spider_web:,0.0,
331,ğŸ•³,:hole:,0.0,
332,ğŸ¥€,:wilted_flower:,0.0,
333,ğŸ™ˆ,:see-no-evil_monkey:,0.0,0.433
334,â–ª,:black_small_square:,0.0,0.201
335,ğŸ¤·ğŸ½â€â™€ï¸,:woman_shrugging_medium_skin_tone:,0.0,
336,ğŸ§°,:toolbox:,0.0,
337,ğŸ‘¹,:ogre:,0.0,0.061
338,ğŸ‘,:manâ€™s_shoe:,0.0,0.545
339,ğŸ˜£,:persevering_face:,0.0,-0.214
340,â™€ï¸,:female_sign:,0.0,
341,ğŸ˜®,:face_with_open_mouth:,0.0,0.278
342,ğŸ…±ï¸,:B_button_(blood_type):,0.0,
343,ğŸ¤¦ğŸ»â€â™‚ï¸,:man_facepalming_light_skin_tone:,0.0,
344,ğŸ”›,:ON!_arrow:,0.0,0.571
345,ğŸ’»,:laptop:,0.0,0.28
346,ğŸ“±,:mobile_phone:,0.0,0.327
347,ğŸ‘‘,:crown:,0.0,0.701
348,ğŸ’,:heart_with_ribbon:,0.6369,0.661
349,â­•ï¸,:hollow_red_circle:,0.0,
350,â–«,:white_small_square:,0.0,1.0
351,ğŸ—,:rolled-up_newspaper:,0.0,
352,ğŸ¿,:popcorn:,0.0,
353,ğŸ‘ª,:family:,0.0,-0.018
354,ğŸ“ƒ,:page_with_curl:,0.0,0.571
355,ğŸ,:wrapped_gift:,0.4404,0.767
356,ğŸ‘†ğŸ¼,:backhand_index_pointing_up_medium-light_skin_tone:,0.0,
357,ğŸ“”,:notebook_with_decorative_cover:,0.0,1.0
358,ğŸ»,:bear:,0.0,0.468
359,ğŸ™ŒğŸ½,:raising_hands_medium_skin_tone:,0.0,
360,â™¥,:heart_suit:,0.6369,0.658
361,ğŸ‘â€ğŸ—¨,:eye_in_speech_bubble:,0.0,
362,ğŸ“‰,:chart_decreasing:,0.0,0.5
363,ğŸ«,:school:,0.0,-0.3
364,ğŸ”º,:red_triangle_pointed_up:,0.0,0.333
365,ğŸ‘ˆğŸ¾,:backhand_index_pointing_left_medium-dark_skin_tone:,0.0,
366,ğŸ¤²,:palms_up_together:,0.0,
367,ğŸŠ,:tangerine:,0.0,0.444
368,âœ”ï¸,:check_mark:,0.0,
369,â˜ªï¸,:star_and_crescent:,0.0,
370,ğŸ•,:menorah:,0.0,
371,âœï¸,:latin_cross:,0.0,
372,ğŸ”¯,:dotted_six-pointed_star:,0.0,1.0
373,ğŸ–•ğŸ¼,:middle_finger_medium-light_skin_tone:,0.0,
374,âš¡ï¸,:high_voltage:,0.0,
375,ğŸŒ¡,:thermometer:,0.0,
376,ğŸ’¤,:zzz:,-0.296,0.375
377,ğŸ¤,:microphone:,0.0,0.486
378,âœŒ,:victory_hand:,0.4939,0.464
379,ğŸ“‘,:bookmark_tabs:,0.0,1.0
380,â—,:red_exclamation_mark:,0.0,0.101
381,ğŸ¤ ,:cowboy_hat_face:,0.0,
382,ğŸ¤·ğŸ¼â€â™‚ï¸,:man_shrugging_medium-light_skin_tone:,0.0,
383,ğŸ’,:monkey:,0.0,0.544
384,ğŸ˜·,:face_with_medical_mask:,0.0,-0.171
385,ğŸ™‰,:hear-no-evil_monkey:,0.0,0.34
386,ğŸ™Š,:speak-no-evil_monkey:,0.0,0.461
387,ğŸ’ªğŸ»,:flexed_biceps_light_skin_tone:,0.0,
388,ğŸ‘©ğŸ½â€âœˆï¸,:woman_pilot_medium_skin_tone:,0.0,
389,ğŸ‘ğŸ¼,:thumbs_up_medium-light_skin_tone:,0.0,
390,ğŸ§¼,:soap:,0.0,
391,ğŸ,:honeybee:,0.0,0.229
392,â›ºï¸,:tent:,0.0,
393,ğŸŸ¡,:yellow_circle:,0.0,
394,ğŸŸ§,:orange_square:,0.0,
395,ğŸ¦Š,:fox:,0.0,
396,ğŸ˜„,:grinning_face_with_smiling_eyes:,0.6705,0.422
397,ğŸ“„,:page_facing_up:,0.0,1.0
398,âœ‰ï¸,:envelope:,0.0,
399,ğŸ‘ğŸ¾,:thumbs_down_medium-dark_skin_tone:,0.0,
400,ğŸ‘ğŸ½,:thumbs_up_medium_skin_tone:,0.0,
401,ğŸ—½,:Statue_of_Liberty:,0.5267,0.368
402,â–ªï¸,:black_small_square:,0.0,
403,ğŸ¦»,:ear_with_hearing_aid:,0.0,
404,ğŸ’Œ,:love_letter:,0.6369,0.588
405,ğŸ¥,:hospital:,0.0,0.333
406,ğŸ‘¨â€âš•ï¸,:man_health_worker:,0.0,
407,â™¾,:infinity:,0.0,
408,ğŸ“,:graduation_cap:,0.0,0.584
409,ğŸ˜¸,:grinning_cat_with_smiling_eyes:,0.6705,0.423
410,ğŸ‘ğŸ¼,:thumbs_down_medium-light_skin_tone:,0.0,
411,âœ,:writing_hand:,0.4939,1.0
412,ğŸ´ó §ó ¢ó ³ó £ó ´ó ¿,:Scotland:,0.0,
413,ğŸ’,:gem_stone:,0.0,0.569
414,ğŸ”²,:black_square_button:,0.0,0.75
415,â˜ï¸,:index_pointing_up:,0.0,
416,ğŸš®,:litter_in_bin_sign:,0.0,0.0
417,ğŸ‘ğŸ½,:thumbs_down_medium_skin_tone:,0.0,
418,âœ¡ï¸,:star_of_David:,0.0,
419,ğŸ•Šï¸,:dove:,0.0,
420,ğŸƒ,:joker:,0.128,0.111
421,ğŸ¤¾â€â™€ï¸,:woman_playing_handball:,0.2023,
422,ğŸ¤¦ğŸ¿â€â™‚ï¸,:man_facepalming_dark_skin_tone:,0.0,
423,ğŸš¸,:children_crossing:,0.0,
424,ğŸ–,:meat_on_bone:,0.0,0.143
425,ğŸ§¾,:receipt:,0.0,
426,ğŸŸ,:french_fries:,0.0,0.313
427,ğŸ¤¹â€â™‚ï¸,:man_juggling:,0.0,
428,ğŸŒ,:banana:,0.0,0.451
429,ğŸ¡,:house_with_garden:,0.0,0.472
430,â˜ğŸ»,:index_pointing_up_light_skin_tone:,0.0,
431,ğŸ’ ,:diamond_with_a_dot:,0.34,0.0
432,ğŸ˜ï¸,:houses:,0.0,
433,ğŸ›¡,:shield:,0.0,
434,ğŸª,:camel:,0.0,0.692
435,â¬›ï¸,:black_large_square:,0.0,
436,ğŸŸ¦,:blue_square:,0.0,
437,ğŸ‘‰ğŸ¿,:backhand_index_pointing_right_dark_skin_tone:,0.0,
438,ğŸ‘ˆğŸ¿,:backhand_index_pointing_left_dark_skin_tone:,0.0,
439,ğŸ©¸,:drop_of_blood:,0.0,
440,ğŸ§¹,:broom:,0.0,
441,ğŸ‘ğŸ¾,:clapping_hands_medium-dark_skin_tone:,0.0,
442,ğŸ“½,:film_projector:,0.0,
443,ğŸŒ·,:tulip:,0.0,0.552
444,ğŸ«”,:tamale:,0.0,
445,ğŸ‚,:ox:,0.0,0.182
446,ğŸ˜²,:astonished_face:,0.3818,-0.07
447,ğŸ‘º,:goblin:,0.0,-0.211
448,â¤ï¸â€ğŸ©¹,:mending_heart:,0.0,
449,ğŸ’,:backpack:,0.0,0.6
450,ğŸ¬,:candy:,0.0,0.39
451,ğŸŒŠ,:water_wave:,0.0,0.516
452,ğŸŒš,:new_moon_face:,0.0,0.473
453,ğŸ¤¦ğŸ½â€â™€ï¸,:woman_facepalming_medium_skin_tone:,0.0,
454,ğŸ’¢,:anger_symbol:,-0.5719,0.25
455,ğŸ¥±,:yawning_face:,0.0,
456,â©,:fast-forward_button:,0.0,0.167
457,ğŸ¦œ,:parrot:,0.0,
458,ğŸ˜¦,:frowning_face_with_open_mouth:,-0.34,-0.389
459,â„¢,:trade_mark:,0.0,
460,â­ï¸,:star:,0.0,
461,ğŸˆ,:american_football:,0.0,0.544
462,ğŸ™†ğŸ»,:person_gesturing_OK_light_skin_tone:,0.4466,
463,ğŸ—³,:ballot_box_with_ballot:,0.0,
464,ğŸ‘–,:jeans:,0.0,0.4
465,ğŸ˜µâ€ğŸ’«,:face_with_spiral_eyes:,-0.4215,
466,ğŸ¤–,:robot:,0.0,
467,ğŸ‘,:ewe:,0.0,-0.19
468,ğŸ”’,:locked:,0.0,0.211
469,ğŸŒ¨,:cloud_with_snow:,0.0,
470,ğŸ§¤,:gloves:,0.0,
471,ğŸ’«,:dizzy:,-0.2263,0.512
472,ğŸ˜µ,:face_with_crossed-out_eyes:,-0.2263,0.087
473,ğŸ’Š,:pill:,0.0,0.455
474,âœŒğŸ»,:victory_hand_light_skin_tone:,0.4939,
475,ğŸ‘‚,:ear:,0.0,-0.158
476,âœŠğŸ»,:raised_fist_light_skin_tone:,0.0,
477,â²ï¸,:timer_clock:,0.0,
478,ğŸ––,:vulcan_salute:,0.0,
479,ğŸ¤²ğŸ»,:palms_up_together_light_skin_tone:,0.0,
480,ğŸ˜Ÿ,:worried_face:,-0.296,0.075
481,ğŸŒŸ,:glowing_star:,0.0,0.332
482,â™£ï¸,:club_suit:,0.0,
483,ğŸ’—,:growing_heart:,0.7096,0.659
484,ğŸ‘ğŸ½,:clapping_hands_medium_skin_tone:,0.0,
485,ğŸ‘¨â€ğŸ³,:man_cook:,0.0,
486,ğŸ§‘ğŸ¿â€ğŸ³,:cook_dark_skin_tone:,0.0,
487,ğŸ‘¨ğŸ»â€ğŸ³,:man_cook_light_skin_tone:,0.0,
488,ğŸ§¦,:socks:,0.0,
489,ğŸ‘ï¸â€ğŸ—¨ï¸,:eye_in_speech_bubble:,0.0,
490,â„¹ï¸,:information:,0.0,
491,ğŸ¤²ğŸ¼,:palms_up_together_medium-light_skin_tone:,0.0,
492,ğŸ¥­,:mango:,0.0,
493,ğŸ¤«,:shushing_face:,0.0,
494,ğŸ‘¥,:busts_in_silhouette:,0.0,0.333
495,ğŸ¾,:bottle_with_popping_cork:,0.0,
496,ğŸ‘ğŸ»,:thumbs_down_light_skin_tone:,0.0,
497,ğŸ˜–,:confounded_face:,0.0,-0.157
498,ğŸ¤·ğŸ½â€â™‚ï¸,:man_shrugging_medium_skin_tone:,0.0,
499,â—½ï¸,:white_medium-small_square:,0.0,
500,ğŸ˜¤,:face_with_steam_from_nose:,0.0,-0.211
501,ğŸ½,:fork_and_knife_with_plate:,0.0,
502,ğŸ‘‡ğŸ¿,:backhand_index_pointing_down_dark_skin_tone:,0.0,
503,ğŸ¥³,:partying_face:,0.3818,
504,ğŸ’£,:bomb:,-0.4939,0.008
505,â˜„ï¸,:comet:,0.0,
506,ğŸµ,:musical_note:,0.0,0.507
507,ğŸ¤,:brown_heart:,0.0,
508,ğŸ‘‰ğŸ¼,:backhand_index_pointing_right_medium-light_skin_tone:,0.0,
509,ğŸ”°,:Japanese_symbol_for_beginner:,0.0,0.0
510,ğŸª‚,:parachute:,0.0,
511,ğŸ”·,:large_blue_diamond:,0.34,0.222
512,â¬…ï¸,:left_arrow:,0.0,
513,âœ´,:eight-pointed_star:,0.0,0.667
514,ğŸŒ¯,:burrito:,0.0,
515,ğŸ’´,:yen_banknote:,0.0,-0.25
516,ğŸº,:wolf:,0.0,0.263
517,ğŸ•“,:four_oâ€™clock:,0.0,
518,ğŸˆ,:cat:,0.0,0.357
519,ğŸˆâ€â¬›,:black_cat:,0.0,
520,ğŸ©,:poodle:,0.0,0.412
521,ğŸŒœ,:last_quarter_moon_face:,0.0,0.588
522,ğŸŒ›,:first_quarter_moon_face:,0.0,0.647
523,â˜ï¸,:cloud:,0.0,
524,ğŸŒ¨ï¸,:cloud_with_snow:,0.0,
525,ğŸ,:bread:,0.0,0.048
526,ğŸ™ŒğŸ¾,:raising_hands_medium-dark_skin_tone:,0.0,
527,ğŸ¥·ğŸ½,:ninja_medium_skin_tone:,0.0,
528,ğŸï¸,:film_frames:,0.0,
529,âœ‹ğŸ¼,:raised_hand_medium-light_skin_tone:,0.4939,
530,ğŸ’ªğŸ¼,:flexed_biceps_medium-light_skin_tone:,0.0,
531,ğŸšš,:delivery_truck:,0.0,-0.1
532,ğŸ›,:bellhop_bell:,0.0,
533,ğŸ“§,:e-mail:,0.0,
534,ğŸ”˜,:radio_button:,0.0,0.25
535,ğŸ¤¦ğŸ¼â€â™‚ï¸,:man_facepalming_medium-light_skin_tone:,0.0,
536,ğŸš¶,:person_walking:,0.0,-0.149
537,ğŸ™‹,:person_raising_hand:,0.4939,0.492
538,ğŸ•Š,:dove:,0.0,
539,ğŸ²,:pot_of_food:,0.0,0.138
540,ğŸ§Š,:ice:,0.0,
541,ğŸ¤¦ğŸ½â€â™‚ï¸,:man_facepalming_medium_skin_tone:,0.0,
542,ğŸ“œ,:scroll:,0.0,1.0
543,ğŸ‘©â€âš•ï¸,:woman_health_worker:,0.0,
544,âš•ï¸,:medical_symbol:,0.0,
545,ğŸšº,:womenâ€™s_room:,0.0,0.2
546,ğŸ’¼,:briefcase:,0.0,0.643
547,ğŸ‘ˆ,:backhand_index_pointing_left:,0.0,0.431
548,ğŸ§³,:luggage:,0.0,
549,ğŸ›‚,:passport_control:,0.0,
550,âœğŸ¼,:writing_hand_medium-light_skin_tone:,0.4939,
551,ğŸ‘©ğŸ»â€âš–â€ğŸ“ƒ,:woman_judge_light_skin_tone:â€:page_with_curl:,0.0,
552,ğŸ¤§,:sneezing_face:,0.0,
553,ğŸ”ƒ,:clockwise_vertical_arrows:,0.0,0.0
554,ğŸ—ï¸,:old_key:,0.0,
555,ğŸ›,:shopping_bags:,0.0,
556,ğŸ›’,:shopping_cart:,0.0,
557,âœ…ï¸,:check_mark_button:,0.0,
558,ğŸšª,:door:,0.0,0.75
559,ğŸ“•,:closed_book:,0.0,0.25
560,ğŸ™‹ğŸ¾â€â™€ï¸,:woman_raising_hand_medium-dark_skin_tone:,0.4939,
561,ğŸ•â€ğŸ¦º,:service_dog:,0.0,
562,ğŸ¥,:front-facing_baby_chick:,0.0,0.612
563,â˜‘,:check_box_with_check:,0.0,0.104
564,ğŸ“’,:ledger:,0.0,0.039
565,ğŸ³ï¸,:white_flag:,0.0,
566,ğŸ¤¦ğŸ¾â€â™‚ï¸,:man_facepalming_medium-dark_skin_tone:,0.0,
567,ğŸ‘©ğŸ»â€ğŸ«,:woman_teacher_light_skin_tone:,0.0,
568,ğŸ‘ŠğŸ¾,:oncoming_fist_medium-dark_skin_tone:,0.0,
569,â¤´ï¸,:right_arrow_curving_up:,0.0,
570,ğŸ–¥ï¸,:desktop_computer:,0.0,
571,ğŸ‘‹ğŸ»,:waving_hand_light_skin_tone:,0.4939,
572,ğŸ¦†,:duck:,0.0,
573,ğŸ–,:hand_with_fingers_splayed:,0.4939,
574,ğŸª,:circus_tent:,0.0,0.333
575,ğŸ¦‡,:bat:,0.0,
576,ğŸ™‹ğŸ»,:person_raising_hand_light_skin_tone:,0.4939,
577,ğŸ™‹ğŸ½â€â™‚ï¸,:man_raising_hand_medium_skin_tone:,0.4939,
578,ğŸ’¬,:speech_balloon:,0.0,0.4
579,ğŸ¤‘,:money-mouth_face:,0.0,
580,ğŸ–,:military_medal:,0.4767,
581,ğŸ”¶,:large_orange_diamond:,0.34,0.4
582,â¸,:pause_button:,0.0,
583,âœğŸ»,:writing_hand_light_skin_tone:,0.4939,
584,â˜£,:biohazard:,0.0,
585,ğŸ“ˆ,:chart_increasing:,0.0,0.5
586,ğŸ‘ŒğŸ¼,:OK_hand_medium-light_skin_tone:,0.7297,
587,ğŸ˜,:squinting_face_with_tongue:,0.0,0.425
588,âšªï¸,:white_circle:,0.0,
589,ğŸ§„,:garlic:,0.0,
590,ğŸ¤¦ğŸ¾â€â™€ï¸,:woman_facepalming_medium-dark_skin_tone:,0.0,
591,ğŸ,:red_apple:,0.0,0.34
592,â¤µ,:right_arrow_curving_down:,0.0,
593,ğŸ’¸,:money_with_wings:,0.0,0.167
594,ğŸ•‰ï¸,:om:,0.0,
595,ğŸŒ»,:sunflower:,0.0,0.587
596,ğŸ–ï¸,:hand_with_fingers_splayed:,0.4939,
597,ğŸ´,:fork_and_knife:,0.0,0.554
598,ğŸ—ï¸,:rolled-up_newspaper:,0.0,
599,ğŸ†—ï¸,:OK_button:,0.4466,
600,ğŸ‘§,:girl:,0.0,0.15
601,ğŸ§ ,:brain:,0.0,
602,ğŸ¤¦ğŸ»,:person_facepalming_light_skin_tone:,0.0,
603,ğŸ¯,:tiger_face:,0.0,0.49
604,ğŸ‘©ğŸ¼â€ğŸ’»,:woman_technologist_medium-light_skin_tone:,0.0,
605,â˜•ï¸,:hot_beverage:,0.0,
606,ğŸš´â€â™€ï¸,:woman_biking:,0.0,
607,ğŸ„,:Christmas_tree:,0.0,0.538
608,â¬œï¸,:white_large_square:,0.0,
609,ğŸ›ƒ,:customs:,0.0,
610,â›”ï¸,:no_entry:,-0.296,
611,ğŸš½,:toilet:,0.0,1.0
612,ğŸ™ŒğŸ»,:raising_hands_light_skin_tone:,0.0,
613,ğŸ‘‹ğŸ¼,:waving_hand_medium-light_skin_tone:,0.4939,
614,ğŸ–Œï¸,:paintbrush:,0.0,
615,ğŸº,:beer_mug:,0.0,0.504
616,ğŸª§,:placard:,0.0,
617,âœ–ï¸,:multiply:,0.0,
618,ğŸ¸,:badminton:,0.0,
619,ğŸš´â€â™‚ï¸,:man_biking:,0.0,
620,ğŸƒ,:person_running:,0.0,0.415
621,ğŸ¥‚,:clinking_glasses:,0.0,
622,ğŸ«,:ticket:,0.0,0.0
623,ğŸ“,:rooster:,0.0,0.029
624,ğŸ¥š,:egg:,0.0,
625,ğŸ£,:hatching_chick:,0.0,0.494
626,ğŸ’,:ring:,0.0,0.491
627,â˜º,:smiling_face:,0.4588,0.658
628,ğŸš²,:bicycle:,0.0,0.429
629,ğŸ¤±,:breast-feeding:,0.0,
630,ğŸ“¹,:video_camera:,0.0,0.545
631,ğŸ”,:locked_with_key:,0.0,0.364
632,ğŸ’,:person_tipping_hand:,0.4939,0.328
633,ğŸ˜,:houses:,0.0,
634,ğŸ’Ÿ,:heart_decoration:,0.6369,0.714
635,ğŸª¡,:sewing_needle:,0.0,
636,ğŸ›,:classical_building:,0.0,
637,ğŸ‘®,:police_officer:,0.0,-0.4
638,ğŸ‘ğŸ¼,:clapping_hands_medium-light_skin_tone:,0.0,
639,ğŸ’‚ğŸ¼â€â™€ï¸,:woman_guard_medium-light_skin_tone:,0.0,
640,ğŸ‘,:open_hands:,0.0,-0.024
641,ğŸŸ,:fish:,0.0,0.724
642,ğŸŒ²,:evergreen_tree:,0.0,0.435
643,ğŸŒ±,:seedling:,0.0,0.64
644,ğŸ±,:cat_face:,0.0,0.534
645,ğŸ»,:clinking_beer_mugs:,0.0,0.521
646,ğŸ‘ğŸ¿,:clapping_hands_dark_skin_tone:,0.0,
647,ğŸ›¶,:canoe:,0.0,
648,ğŸ‘‹ğŸ¾,:waving_hand_medium-dark_skin_tone:,0.4939,
649,ğŸ“´,:mobile_phone_off:,0.0,0.8
650,ğŸ—¡,:dagger:,0.0,
651,ğŸ¥ˆ,:2nd_place_medal:,0.4767,
652,âª,:fast_reverse_button:,0.0,0.5
653,ğŸª±,:worm:,0.0,
654,ğŸª•,:banjo:,0.0,
655,ğŸ–Šï¸,:pen:,0.0,
656,â³,:hourglass_not_done:,0.0,0.0
657,ğŸ™†â€â™‚ï¸,:man_gesturing_OK:,0.0,
658,ğŸ‘©â€ğŸ“,:woman_student:,0.0,
659,ğŸ¦,:gorilla:,0.0,
660,ğŸ˜‡,:smiling_face_with_halo:,0.4588,0.6
661,ğŸ¡,:ferris_wheel:,0.0,0.333
662,â„ï¸,:snowflake:,0.0,
663,ğŸ›Œ,:person_in_bed:,0.0,
664,â›,:pick:,0.0,
665,ğŸ—ºï¸,:world_map:,0.0,
666,ğŸ¤¦ğŸ¾,:person_facepalming_medium-dark_skin_tone:,0.0,
667,ğŸ‘©â€ğŸ”§,:woman_mechanic:,0.0,
668,ğŸŒ,:sun_with_face:,0.0,0.568
669,âš”,:crossed_swords:,0.0,
670,ğŸ’²,:heavy_dollar_sign:,0.0,0.267
671,ğŸ‚,:birthday_cake:,0.0,0.622
672,â™¿,:wheelchair_symbol:,0.0,1.0
673,ğŸ³ï¸â€âš§ï¸,:transgender_flag:,0.0,
674,ğŸ•,:camping:,0.0,
675,ğŸš”,:oncoming_police_car:,0.0,0.0
676,ğŸ«“,:flatbread:,0.0,
677,ğŸ¨,:ice_cream:,0.0,0.233
678,ğŸ‘¨ğŸ½â€ğŸ“,:man_student_medium_skin_tone:,0.0,
679,â›°ï¸,:mountain:,0.0,
680,â˜¹,:frowning_face:,-0.34,-0.6
681,ğŸ˜¾,:pouting_cat:,0.0,-0.364
682,ğŸŠâ€â™‚ï¸,:man_swimming:,0.0,
683,ğŸ“¿,:prayer_beads:,0.0,
684,ğŸ¦ ,:microbe:,0.0,
685,ğŸ¶,:dog_face:,0.0,0.588
686,ğŸ¤›,:left-facing_fist:,0.0,
687,ğŸ‘»,:ghost:,-0.3182,0.232
688,âš–,:balance_scale:,0.0,
689,ğŸ’¶,:euro_banknote:,0.0,0.0
690,ğŸ‘·,:construction_worker:,0.0,0.333
691,ğŸ‘©â€ğŸ³,:woman_cook:,0.0,
692,ğŸ™€,:weary_cat:,-0.2732,0.341
693,ğŸ´â€â˜ ï¸,:pirate_flag:,0.0,
694,â˜€,:sun:,0.0,0.467
695,ğŸ¦¬,:bison:,0.0,
696,â–¶,:play_button:,0.34,0.214
697,ğŸ§â€â™‚ï¸,:man_elf:,0.0,
698,ğŸ¦¸â€â™€ï¸,:woman_superhero:,0.0,
699,ğŸ’‚â€â™€ï¸,:woman_guard:,0.0,
700,ğŸ´,:horse_face:,0.0,0.075
701,ğŸ¥¸,:disguised_face:,0.0,
702,ğŸ‘¨â€ğŸ’»,:man_technologist:,0.0,
703,ğŸ¤Œ,:pinched_fingers:,0.0,
704,ğŸŒ¿,:herb:,0.0,0.389
705,â›“,:chains:,0.0,
706,â—¾ï¸,:black_medium-small_square:,0.0,
707,âœğŸ¾,:writing_hand_medium-dark_skin_tone:,0.4939,
708,ğŸ¥˜,:shallow_pan_of_food:,0.0,
709,ğŸŒ®,:taco:,0.0,
710,ğŸš´,:person_biking:,0.0,0.719
711,ğŸ›,:curry_rice:,0.0,0.043
712,ğŸ‘¦ğŸ»,:boy_light_skin_tone:,0.0,
713,ğŸ‘§ğŸ»,:girl_light_skin_tone:,0.0,
714,âœŠğŸ¿,:raised_fist_dark_skin_tone:,0.0,
715,â˜”ï¸,:umbrella_with_rain_drops:,0.0,
716,ğŸŒª,:tornado:,0.0,
717,ğŸ§‘ğŸ¾,:person_medium-dark_skin_tone:,0.0,
718,ğŸ¦ƒ,:turkey:,0.0,
719,ğŸ”™,:BACK_arrow:,0.0,0.217
720,ğŸŠ,:crocodile:,0.0,0.1
721,ğŸ”ˆ,:speaker_low_volume:,-0.2732,0.333
722,ğŸš¶â€â™‚ï¸,:man_walking:,0.0,
723,ğŸ¦…,:eagle:,0.0,
724,ğŸŸï¸,:admission_tickets:,0.0,
725,ğŸ¤,:baby_chick:,0.0,0.591
726,ğŸ§©,:puzzle_piece:,0.0,
727,ğŸ¦‹,:butterfly:,0.0,
728,âœ¡,:star_of_David:,0.0,0.0
729,âœˆ,:airplane:,0.0,0.419
730,ğŸ‘¨â€ğŸ‘¨â€ğŸ‘§â€ğŸ‘¦,:family_man_man_girl_boy:,0.0,
731,ğŸ‘©â€ğŸ‘©â€ğŸ‘¦,:family_woman_woman_boy:,0.0,
732,ğŸ’³,:credit_card:,0.3818,0.5
733,ğŸ”,:repeat_button:,0.0,0.0
734,ğŸŒµ,:cactus:,0.0,0.217
735,ğŸ‘©â€âš–ï¸,:woman_judge:,0.0,
736,ğŸ›¢,:oil_drum:,0.0,
737,ğŸ‘¨â€ğŸ‘©â€ğŸ‘§â€ğŸ‘§,:family_man_woman_girl_girl:,0.0,
738,ğŸ’ƒğŸ¼,:woman_dancing_medium-light_skin_tone:,0.0,
739,ğŸ ,:tropical_fish:,0.0,0.462
740,ğŸ·,:pig_face:,0.0,0.375
741,ğŸ–,:pig:,0.0,0.176
742,ğŸ½,:pig_nose:,0.0,0.136
743,ğŸ¤·ğŸ¿â€â™€ï¸,:woman_shrugging_dark_skin_tone:,0.0,
744,ğŸ‰,:watermelon:,0.0,0.61
745,ğŸ¥’,:cucumber:,0.0,
746,âš°,:coffin:,0.0,
747,ğŸ¤²ğŸ½,:palms_up_together_medium_skin_tone:,0.0,
748,ğŸ”,:chicken:,0.0,0.353
749,âœ”,:check_mark:,0.0,0.273
750,ğŸŒ€,:cyclone:,0.0,0.106
751,ğŸ—³ï¸,:ballot_box_with_ballot:,0.0,
752,ğŸ‘¨â€ğŸ‘©â€ğŸ‘¦,:family_man_woman_boy:,0.0,
753,ğŸ–•ğŸ¿,:middle_finger_dark_skin_tone:,0.0,
754,ğŸ’ªğŸ½,:flexed_biceps_medium_skin_tone:,0.0,
755,ğŸ§”ğŸ»,:person_light_skin_tone_beard:,0.0,
756,ğŸ‘©ğŸ»,:woman_light_skin_tone:,0.0,
757,ğŸ§´,:lotion_bottle:,0.0,
758,ğŸ§¶,:yarn:,0.0,
759,ğŸ”¸ï¸,:small_orange_diamond:,0.0,
760,ğŸ‘¶ğŸ¼,:baby_medium-light_skin_tone:,0.0,
761,ğŸ§‘ğŸ»â€ğŸ¼,:person_feeding_baby_light_skin_tone:,0.0,
762,ğŸŸ©,:green_square:,0.0,
763,â—€ï¸,:reverse_button:,0.0,
764,ğŸ†˜ï¸,:SOS_button:,0.0,
765,â­•,:hollow_red_circle:,0.0,0.5
766,ğŸ¢,:turtle:,0.0,0.216
767,ğŸš´ğŸ»â€â™‚ï¸,:man_biking_light_skin_tone:,0.0,
768,ğŸ‘¨â€âœˆï¸,:man_pilot:,0.0,
769,ğŸ¤•,:face_with_head-bandage:,0.0,
770,â„¢ï¸,:trade_mark:,0.0,
771,â›º,:tent:,0.0,0.6
772,ğŸ’¨,:dashing_away:,0.0,0.391
773,âœŒğŸ¾,:victory_hand_medium-dark_skin_tone:,0.4939,
774,ğŸ‘ğŸ¾,:open_hands_medium-dark_skin_tone:,0.0,
775,ğŸ¥¶,:cold_face:,0.0,
776,ğŸ¤’,:face_with_thermometer:,0.0,
777,â¬,:fast_down_button:,0.0,1.0
778,ğŸ¦‰,:owl:,0.0,
779,ğŸ,:goat:,0.0,0.556
780,ğŸ„,:cow:,0.0,0.333
781,ğŸ¤ğŸ½,:crossed_fingers_medium_skin_tone:,0.0,
782,ğŸ™†ğŸ¾â€â™€ï¸,:woman_gesturing_OK_medium-dark_skin_tone:,0.4466,
783,ğŸ¦,:bird:,0.0,0.5
784,ğŸ‘©ğŸ¾â€âš•ï¸,:woman_health_worker_medium-dark_skin_tone:,0.0,
785,ğŸ‘¨â€ğŸ‘©â€ğŸ‘¦â€ğŸ‘¦,:family_man_woman_boy_boy:,0.0,
786,ğŸ¤¦ğŸ¿â€â™€ï¸,:woman_facepalming_dark_skin_tone:,0.0,
787,ğŸš“,:police_car:,0.0,0.375
788,ğŸ‘,:eye:,0.0,
789,ğŸŒ…,:sunrise:,0.0,0.381
790,ğŸ”,:magnifying_glass_tilted_left:,0.0,
791,âš“ï¸,:anchor:,0.0,
792,ğŸ¥·ğŸ¿,:ninja_dark_skin_tone:,0.0,
793,ğŸ¤š,:raised_back_of_hand:,0.4939,
794,ğŸ‘©â€ğŸ’»,:woman_technologist:,0.0,
795,ğŸ›,:place_of_worship:,0.296,
796,ğŸ§Ÿâ€â™€ï¸,:woman_zombie:,0.0,
797,ğŸ•°,:mantelpiece_clock:,0.0,
798,ğŸ”•,:bell_with_slash:,-0.2732,-0.333
799,ğŸ¥‡,:1st_place_medal:,0.4767,
800,ğŸ–¼ï¸,:framed_picture:,0.0,
801,ğŸ›‹,:couch_and_lamp:,0.0,
802,ğŸ›,:bed:,0.0,
803,ğŸ–¼,:framed_picture:,0.0,
804,ğŸ¦˜,:kangaroo:,0.0,
805,ğŸ¤šğŸ½,:raised_back_of_hand_medium_skin_tone:,0.4939,
806,â™Ÿ,:chess_pawn:,0.0,
807,ğŸ“¥,:inbox_tray:,0.0,0.0
808,ğŸ‘ŒğŸ½,:OK_hand_medium_skin_tone:,0.7297,
809,ğŸ•¡,:six-thirty:,0.0,
810,ğŸ¥§,:pie:,0.0,
811,âœ‰,:envelope:,0.0,0.333
812,ğŸ”¢,:input_numbers:,0.0,
813,ğŸ¤¦ğŸ½,:person_facepalming_medium_skin_tone:,0.0,
814,ğŸ¤²ğŸ¾,:palms_up_together_medium-dark_skin_tone:,0.0,
815,ğŸ§’ğŸ»,:child_light_skin_tone:,0.0,
816,ğŸ”¡,:input_latin_lowercase:,0.0772,
817,ğŸ™…â€â™‚ï¸,:man_gesturing_NO:,0.0,
818,ğŸš—,:automobile:,0.0,0.242
819,ğŸ¼,:musical_score:,0.0,0.347
820,ğŸ»,:violin:,0.0,0.444
821,ğŸº,:trumpet:,0.0,0.778
822,ğŸ¥,:drum:,0.0,
823,ğŸ“‹,:clipboard:,0.0,0.667
824,ğŸ•š,:eleven_oâ€™clock:,0.0,
825,ğŸ•,:two-thirty:,0.0,-0.333
826,ğŸ˜§,:anguished_face:,-0.4215,-0.065
827,ğŸ,:film_frames:,0.0,
828,ğŸ€,:four_leaf_clover:,0.0,0.288
829,ğŸ”ª,:kitchen_knife:,0.0,0.071
830,ğŸ”¨,:hammer:,0.0,-0.125
831,ğŸ™…ğŸ½â€â™€ï¸,:woman_gesturing_NO_medium_skin_tone:,-0.4466,
832,â—¾,:black_medium-small_square:,0.0,
833,ğŸ™ğŸ¿,:folded_hands_dark_skin_tone:,0.0,
834,ğŸ’,:revolving_hearts:,0.6486,0.742
835,ğŸ•º,:man_dancing:,0.0,
836,ğŸ©´,:thong_sandal:,0.0,
837,ğŸ’·,:pound_banknote:,0.0,0.571
838,â›½ï¸,:fuel_pump:,0.0,
839,â¯,:play_or_pause_button:,0.34,
840,ğŸ€,:basketball:,0.0,0.266
841,â˜ƒï¸,:snowman:,0.0,
842,âœ‹ğŸ»,:raised_hand_light_skin_tone:,0.4939,
843,ğŸ¦,:soft_ice_cream:,0.0,0.474
844,ğŸ•,:one_oâ€™clock:,0.0,-1.0
845,âº,:record_button:,0.0,
846,ğŸ—¾,:map_of_Japan:,0.0,0.4
847,âœ³ï¸,:eight-spoked_asterisk:,0.0,
848,ğŸ™‹ğŸ»â€â™‚ï¸,:man_raising_hand_light_skin_tone:,0.4939,
849,ğŸ–¥,:desktop_computer:,0.0,
850,ğŸ‘ŒğŸ»,:OK_hand_light_skin_tone:,0.7297,
851,ğŸ“—,:green_book:,0.0,0.2
852,ğŸ‘¸,:princess:,0.0,0.622
853,ğŸ•,:pizza:,0.0,0.42
854,ğŸ–,:crayon:,0.0,
855,ğŸ¤Ÿ,:love-you_gesture:,0.0,
856,â•,:white_exclamation_mark:,0.0,0.286
857,ğŸ¸,:frog:,0.0,-0.083
858,ğŸ¥…,:goal_net:,0.0,
859,ğŸ–ï¸,:military_medal:,0.0,
860,âœŠï¸,:raised_fist:,0.0,
861,ğŸ¥•,:carrot:,0.0,
862,ğŸ—ƒï¸,:card_file_box:,0.0,
863,â˜¢ï¸,:radioactive:,0.0,
864,ğŸš›,:articulated_lorry:,0.0,-0.25
865,ğŸ›–,:hut:,0.0,
866,ğŸˆ,:balloon:,0.0,0.726
867,ğŸš,:level_slider:,0.0,
868,ğŸ‘®â€â™€ï¸,:woman_police_officer:,0.0,
869,â›ª,:church:,0.0,0.154
870,â™¿ï¸,:wheelchair_symbol:,0.0,
871,ğŸš¼,:baby_symbol:,0.0,0.667
872,ğŸ›¢ï¸,:oil_drum:,0.0,
873,ğŸ• ,:five-thirty:,0.0,
874,ğŸ”–,:bookmark:,0.0,1.0
875,â˜£ï¸,:biohazard:,0.0,
876,ğŸ‘©ğŸ¼â€ğŸ¨,:woman_artist_medium-light_skin_tone:,0.0,
877,ğŸ¥ƒ,:tumbler_glass:,0.0,
878,ğŸ¤·ğŸ¼,:person_shrugging_medium-light_skin_tone:,0.0,
879,ğŸ¸,:guitar:,0.0,0.528
880,ğŸ˜¿,:crying_cat:,-0.4767,-0.381
881,ğŸ˜´,:sleeping_face:,0.0,-0.081
882,âœŒğŸ¼,:victory_hand_medium-light_skin_tone:,0.4939,
883,ğŸ¼,:baby_bottle:,0.0,0.625
884,ğŸ¦¨,:skunk:,0.0,
885,âœŒğŸ½,:victory_hand_medium_skin_tone:,0.4939,
886,ğŸ•–,:seven_oâ€™clock:,0.0,
887,ğŸ‘¨ğŸ»â€ğŸ“,:man_student_light_skin_tone:,0.0,
888,ğŸ‘©ğŸ½â€ğŸ“,:woman_student_medium_skin_tone:,0.0,
889,ğŸ™ŒğŸ¼,:raising_hands_medium-light_skin_tone:,0.0,
890,ğŸ,:lady_beetle:,0.0,0.333
891,ğŸ§€,:cheese_wedge:,0.0,
892,ğŸ’ƒğŸ»,:woman_dancing_light_skin_tone:,0.0,
893,ğŸ—‘,:wastebasket:,0.0,
894,ğŸ˜¼,:cat_with_wry_smile:,0.3612,0.393
895,âŒ›,:hourglass_done:,0.0,0.143
896,ğŸŸ£,:purple_circle:,0.0,
897,ğŸ‘ˆğŸ½,:backhand_index_pointing_left_medium_skin_tone:,0.0,
898,ğŸ¥–,:baguette_bread:,0.0,
899,ğŸ¦,:lizard:,0.0,
900,â™Š,:Gemini:,0.0,0.0
901,ğŸ‰,:dragon:,0.0,0.2
902,ğŸš§,:construction:,0.0,
903,ğŸ›©ï¸,:small_airplane:,0.0,
904,â¬†,:up_arrow:,0.0,0.308
905,ğŸ™‡â€â™€ï¸,:woman_bowing:,0.0,
906,ğŸ¤¾,:person_playing_handball:,0.2023,
907,ğŸ¤¸â€â™€ï¸,:woman_cartwheeling:,0.0,
908,ğŸ‘¯,:people_with_bunny_ears:,0.0,0.445
909,â†ªï¸,:left_arrow_curving_right:,0.0,
910,ğŸ¦ˆ,:shark:,0.0,
911,â˜ğŸ¼,:index_pointing_up_medium-light_skin_tone:,0.0,
912,ğŸ›»,:pickup_truck:,0.0,
913,ğŸ‘¸ğŸ½,:princess_medium_skin_tone:,0.0,
914,ğŸ™…ğŸ¾â€â™€ï¸,:woman_gesturing_NO_medium-dark_skin_tone:,-0.4466,
915,ğŸ™ï¸,:cityscape:,0.0,
916,ğŸ™…â€â™€ï¸,:woman_gesturing_NO:,0.0,
917,â,:cross_mark_button:,0.0,-1.0
918,ğŸ«¶,:heart_hands:,0.0,
919,ğŸ¥£,:bowl_with_spoon:,0.0,
920,ğŸ§’,:child:,0.0,
921,ğŸ‘ƒ,:nose:,0.0,0.0
922,ğŸ’ƒğŸ½,:woman_dancing_medium_skin_tone:,0.0,
923,ğŸ¤·â€â™‚,:man_shrugging:,0.0,
924,ğŸ,:desert_island:,0.0,
925,ğŸ¤ğŸ¼,:handshake_medium-light_skin_tone:,0.0,
926,ğŸ©,:doughnut:,0.0,0.393
927,ğŸ¦Ÿ,:mosquito:,0.0,
928,ğŸ¤ğŸ¾,:crossed_fingers_medium-dark_skin_tone:,0.0,
929,ğŸ‘©,:woman:,0.0,0.074
930,â±ï¸,:stopwatch:,0.0,
931,ğŸ›©,:small_airplane:,0.0,
932,ğŸ›ï¸,:classical_building:,0.0,
933,ğŸ™‡â€â™‚ï¸,:man_bowing:,0.0,
934,â›‘,:rescue_workerâ€™s_helmet:,0.5106,
935,ğŸš,:derelict_house:,0.0,
936,ğŸ§•ğŸ¼,:woman_with_headscarf_medium-light_skin_tone:,0.0,
937,ğŸŸ ,:orange_circle:,0.0,
938,â¤ï¸â€ğŸ”¥,:heart_on_fire:,-0.34,
939,ğŸš,:minibus:,0.0,0.833
940,ğŸ‘©ğŸ½â€ğŸ¼,:woman_feeding_baby_medium_skin_tone:,0.0,
941,ğŸ”š,:END_arrow:,0.0,0.444
942,ğŸ‘¨â€ğŸ‘©â€ğŸ‘§â€ğŸ‘¦,:family_man_woman_girl_boy:,0.0,
943,â²,:timer_clock:,0.0,
944,ğŸ›ï¸,:shopping_bags:,0.0,
945,ğŸ³,:cooking:,0.0,0.03
946,ğŸ¤¼â€â™€ï¸,:women_wrestling:,0.0,
947,ğŸ‘³â€â™€ï¸,:woman_wearing_turban:,0.0,
948,ğŸŠ,:person_swimming:,0.0,0.597
949,ğŸ’§,:droplet:,0.0,-0.171
950,ğŸ‘©â€ğŸ‘§â€ğŸ‘¦,:family_woman_girl_boy:,0.0,
951,ğŸ’‡,:person_getting_haircut:,0.0,0.348
952,ğŸ•µ,:detective:,0.0,
953,âœ,:pencil:,0.0,0.371
954,ğŸ–‹ï¸,:fountain_pen:,0.0,
955,ğŸŒ•,:full_moon:,0.0,0.606
956,ğŸ™‹ğŸ»â€â™€ï¸,:woman_raising_hand_light_skin_tone:,0.4939,
957,âš ,:warning:,-0.34,-0.068
958,ğŸ’ğŸ¿â€â™‚ï¸,:man_tipping_hand_dark_skin_tone:,0.4939,
959,ğŸš¦,:vertical_traffic_light:,0.0,0.111
960,ğŸ‘ˆğŸ»,:backhand_index_pointing_left_light_skin_tone:,0.0,
961,ğŸ‘¶ğŸ½,:baby_medium_skin_tone:,0.0,
962,ğŸ§“,:older_person:,0.0,
963,ğŸ”¦,:flashlight:,0.0,0.0
964,ğŸ‘©â€ğŸ‘©â€ğŸ‘§â€ğŸ‘¦,:family_woman_woman_girl_boy:,0.0,
965,ğŸšµâ€â™€ï¸,:woman_mountain_biking:,0.0,
966,ğŸ—,:reminder_ribbon:,0.0,
967,â˜ ,:skull_and_crossbones:,0.0,-0.037
968,ğŸ‘©â€ğŸ’¼,:woman_office_worker:,0.0,
969,ğŸ§‘ğŸ»â€ğŸš€,:astronaut_light_skin_tone:,0.0,
970,ğŸ¤,:pinching_hand:,0.0,
971,ğŸ’¦,:sweat_droplets:,0.0,0.476
972,ğŸ¥™,:stuffed_flatbread:,0.0,
973,ğŸŒ„,:sunrise_over_mountains:,0.0,0.2
974,ğŸ•µï¸â€â™‚ï¸,:man_detective:,0.0,
975,ğŸ•µï¸,:detective:,0.0,
976,ğŸš´ğŸ¾â€â™‚ï¸,:man_biking_medium-dark_skin_tone:,0.0,
977,ğŸ‘«,:woman_and_man_holding_hands:,0.0,0.259
978,ğŸ‘µ,:old_woman:,0.0,0.478
979,ğŸ‘´,:old_man:,0.0,0.261
980,ğŸ¾,:tennis:,0.0,0.619
981,ğŸ¤¸â€â™‚ï¸,:man_cartwheeling:,0.0,
982,ğŸœ,:ant:,0.0,0.667
983,ğŸ¦–,:T-Rex:,0.0,
984,ğŸ¤ğŸ»,:crossed_fingers_light_skin_tone:,0.0,
985,â‡ï¸,:sparkle:,0.0,
986,âœ’,:black_nib:,0.0,0.3
987,ğŸ“®,:postbox:,0.0,-1.0
988,ğŸ‡,:rabbit:,0.0,0.261
989,ğŸ‘©ğŸ»â€ğŸ³,:woman_cook_light_skin_tone:,0.0,
990,ğŸš‚,:locomotive:,0.0,0.308
991,â›µï¸,:sailboat:,0.0,
992,ğŸ©³,:shorts:,0.0,
993,ğŸ…,:Santa_Claus:,0.0,0.321
994,ğŸŒ‰,:bridge_at_night:,0.0,0.714
995,ğŸ—»,:mount_fuji:,0.0,0.727
996,â˜®,:peace_symbol:,0.5423,0.0
997,ğŸª,:cookie:,0.0,0.333
998,ğŸ§,:cupcake:,0.0,
999,ğŸ™ŒğŸ¿,:raising_hands_dark_skin_tone:,0.0,
1000,ğŸ¥«,:canned_food:,0.0,
1001,ğŸ®,:red_paper_lantern:,0.0,0.0
1002,ğŸ®,:cow_face:,0.0,0.628
1003,ğŸ°,:shortcake:,0.0,0.464
1004,ğŸ¥,:croissant:,0.0,
1005,ğŸ¦š,:peacock:,0.0,
1006,ğŸ‘,:peach:,0.0,0.265
1007,ğŸ§‘â€ğŸ“,:student:,0.0,
1008,ğŸ‘©â€ğŸ‘©â€ğŸ‘¦â€ğŸ‘¦,:family_woman_woman_boy_boy:,0.0,
1009,ğŸ¥©,:cut_of_meat:,-0.2732,
1010,ğŸ–‡,:linked_paperclips:,0.0,
1011,ğŸš,:helicopter:,0.0,0.2
1012,ğŸ§‘â€ğŸ¨,:artist:,0.0,
1013,ğŸ˜,:elephant:,0.0,0.025
1014,â†ª,:left_arrow_curving_right:,0.0,0.125
1015,ğŸ§’ğŸ¼,:child_medium-light_skin_tone:,0.0,
1016,ğŸ—‘ï¸,:wastebasket:,0.0,
1017,â„,:snowflake:,0.0,0.51
1018,ğŸ”Œ,:electric_plug:,0.0,-0.125
1019,ğŸšœ,:tractor:,0.0,1.0
1020,ğŸ•¯,:candle:,0.0,
1021,ğŸ§ğŸ½â€â™‚ï¸,:man_standing_medium_skin_tone:,0.0,
1022,ğŸ’,:cherries:,0.0,0.333
1023,âœŒğŸ¿,:victory_hand_dark_skin_tone:,0.4939,
1024,ğŸ¥œ,:peanuts:,0.0,
1025,â™ ï¸,:spade_suit:,0.0,
1026,ğŸ’‚,:guard:,0.0,-0.176
1027,ğŸ›¬,:airplane_arrival:,0.0,
1028,ğŸ‘¨ğŸ¾â€ğŸ’»,:man_technologist_medium-dark_skin_tone:,0.0,
1029,ğŸ¥ª,:sandwich:,0.0,
1030,ğŸ¦•,:sauropod:,0.0,
1031,ğŸ‘©ğŸ¾â€ğŸ¤â€ğŸ‘¨ğŸ¼,:woman_and_man_holding_hands_medium-dark_skin_tone_medium-light_skin_tone:,0.0,
1032,ğŸ‘†ğŸ½,:backhand_index_pointing_up_medium_skin_tone:,0.0,
1033,âš«,:black_circle:,0.0,0.286
1034,ğŸ­,:performing_arts:,0.0,0.0
1035,ğŸ™,:octopus:,0.0,0.429
1036,ğŸŒ†,:cityscape_at_dusk:,0.0,0.167
1037,âœŒï¸ğŸ¾,:victory_hand::medium-dark_skin_tone:,0.0,
1038,ğŸƒ,:leaf_fluttering_in_wind:,0.0,0.381
1039,ğŸ‘¨â€ğŸ“,:man_student:,0.0,
1040,ğŸ«,:two-hump_camel:,0.0,0.417
1041,ğŸª,:mirror:,0.0,
1042,â—½,:white_medium-small_square:,0.0,
1043,â˜,:index_pointing_up:,0.0,0.314
1044,ğŸ½ï¸,:fork_and_knife_with_plate:,0.0,
1045,ğŸ‘ŠğŸ»,:oncoming_fist_light_skin_tone:,0.0,
1046,ğŸ’˜,:heart_with_arrow:,0.6369,0.689
1047,â™‚ï¸,:male_sign:,0.0,
1048,ğŸª’,:razor:,0.0,
1049,ğŸ”ºï¸,:red_triangle_pointed_up:,0.0,
1050,ğŸ¦”,:hedgehog:,0.0,
1051,ğŸ‘§ğŸ½,:girl_medium_skin_tone:,0.0,
1052,ğŸš¶ğŸ»â€â™‚ï¸,:man_walking_light_skin_tone:,0.0,
1053,ğŸ¥¾,:hiking_boot:,0.0,
1054,ğŸ‘¢,:womanâ€™s_boot:,0.0,0.8
1055,ğŸ¥¿,:flat_shoe:,0.0,
1056,ğŸ§¥,:coat:,0.0,
1057,ğŸ§¢,:billed_cap:,0.0,
1058,ğŸ‘š,:womanâ€™s_clothes:,0.0,0.727
1059,ğŸ‘”,:necktie:,0.0,0.417
1060,ğŸ‘—,:dress:,0.0,0.258
1061,ğŸš£ğŸ¾â€â™€ï¸,:woman_rowing_boat_medium-dark_skin_tone:,0.0,
1062,ğŸ‘ ,:high-heeled_shoe:,0.0,0.381
1063,ğŸ‘¯â€â™‚ï¸,:men_with_bunny_ears:,0.0,
1064,ğŸ‘­,:women_holding_hands:,0.0,0.472
1065,ğŸ“‡,:card_index:,0.0,
1066,ğŸŒ´,:palm_tree:,0.0,0.534
1067,ğŸ,:ram:,0.0,0.6
1068,ğŸ­,:lollipop:,0.0,0.316
1069,ğŸ™…,:person_gesturing_NO:,-0.4466,-0.206
1070,ğŸ’â€â™€ï¸,:woman_tipping_hand:,0.0,
1071,ğŸŒ½,:ear_of_corn:,0.0,0.476
1072,ğŸ§‘ğŸ¾â€ğŸ”§,:mechanic_medium-dark_skin_tone:,0.0,
1073,âœ‹ğŸ¿,:raised_hand_dark_skin_tone:,0.4939,
1074,ğŸ‘•,:t-shirt:,0.0,0.5
1075,ğŸ‘›,:purse:,0.0,0.4
1076,â˜•,:hot_beverage:,0.0,0.246
1077,ğŸ¦,:rhinoceros:,0.0,
1078,â±,:stopwatch:,0.0,
1079,ğŸ™‹ğŸ½,:person_raising_hand_medium_skin_tone:,0.4939,
1080,ğŸšƒ,:railway_car:,0.0,0.75
1081,â›ªï¸,:church:,0.0,
1082,ğŸ’‹,:kiss_mark:,0.4215,0.693
1083,ğŸ™‡,:person_bowing:,0.0,0.145
1084,â™ï¸,:Scorpio:,0.0,
1085,ğŸ¦‚,:scorpion:,0.0,
1086,ğŸ‘©â€â¤ï¸â€ğŸ’‹â€ğŸ‘¨,:kiss_woman_man:,0.4215,
1087,ğŸ§£,:scarf:,0.0,
1088,ğŸ•™,:ten_oâ€™clock:,0.0,
1089,ğŸ“,:triangular_ruler:,0.0,0.0
1090,ğŸ¤˜ğŸ¼,:sign_of_the_horns_medium-light_skin_tone:,0.0,
1091,ğŸš´ğŸ»â€â™€ï¸,:woman_biking_light_skin_tone:,0.0,
1092,ğŸ”Ÿ,:keycap_10:,0.0,1.0
1093,â–«ï¸,:white_small_square:,0.0,
1094,ğŸ‘¨â€âš–ï¸,:man_judge:,0.0,
1095,ğŸ«–,:teapot:,0.0,
1096,ğŸ“™,:orange_book:,0.0,0.333
1097,âœ’ï¸,:black_nib:,0.0,
1098,ğŸ‘©ğŸ½â€âš•ï¸,:woman_health_worker_medium_skin_tone:,0.0,
1099,â—»ï¸,:white_medium_square:,0.0,
1100,ğŸ‘¨â€ğŸ”¬,:man_scientist:,0.0,
1101,ğŸ¦¾,:mechanical_arm:,0.0,
1102,ğŸƒğŸ¾â€â™‚ï¸,:man_running_medium-dark_skin_tone:,0.0,
1103,ğŸš‘,:ambulance:,0.0,0.091
1104,ğŸƒ,:jack-o-lantern:,0.0,0.617
1105,Â®ï¸,:registered:,0.0,
